Workbook

Sheet Faktoren ProdReorganisation
B1: Kostenfaktoren zur Prozesskostenoptimierung bei Produktions‑Umstrukturierungen
B2: Kosten- Bewertungsfaktor | E2: Kosten Verdichten | F2: Status | G2: Kosten Fechern 3S | H2: Kosten Fechern 2S | I2: Verantwortlich | J2: Kommentar | K2: Faktor
B3: 1. Personalkosten
C4: 1.1 Direkte Personalkosten
D5: Löhne und Gehälter | E5: 3 | G5: 3 | H5: 3 | K5: 2
D6: Zuschläge (Schicht, Überstunden, Erschwerniszulagen) | E6: 3 | G6: 3 | H6: 4 | K6: 2
D7: Kosten Wochenendarbeit | E7: 2 | G7: 3 | H7: 2 | I7: Andreas | K7: 2
D8: Kosten für Personalabbau (Abfindungen, Sozialpläne) | E8: 3 | G8: 3 | H8: 3 | K8: 2
C9: 1.2 Indirekte Personalkosten | K9: 2
D10: Löhne und Gehälter | E10: 3 | G10: 3 | H10: 4 | K10: 2
D11: Kosten für Schulungen und Qualifizierungen (z. B. neue Anlagen) | E11: 3 | G11: 3 | H11: 3 | K11: 2
D12: Kosten durch temporäre Produktivitätsverluste während der Lernkurve | E12: 3 | G12: 3 | H12: 3 | K12: 2
D13: Kosten durch Versetzungen oder Umplatzierungen | E13: 4 | G13: 3 | H13: 3 | I13: Andreas | K13: 2
D14: Kosten für Personalabbau (Abfindungen, Sozialpläne) | E14: 3 | G14: 3 | H14: 2 | K14: 2
B15: 2. Material- und Beschaffungskosten | K15: 1
C16: Eine Umstrukturierung hat häufig direkten Einfluss auf Materialflüsse und Beschaffung. | E16: 3 | G16: 3 | H16: 3 | K16: 1
C17: Auswirkungen eigener Prozessänderungen auf Materialverbrauch | E17: 4 | G17: 3 | H17: 2 | I17: Andreas | K17: 1
C18: Kosten der Materialbereitstellung (Intralogistik, Kitting) | E18: 5 | G18: 3 | H18: 3 | I18: Andreas | K18: 1
C19: Bestandskosten (Lagerung, Umlaufbestände, Sicherheitsbestände) | E19: 2 | G19: 3 | H19: 3 | I19: Andreas | K19: 1
C20: Transportkosten intern & extern | E20: 3 | G20: 3 | H20: 3 | K20: 1
C21: Ausschuss- und Nacharbeitskosten | E21: 3 | G21: 3 | H21: 2 | K21: 1
B22: 3. Maschinen- und Anlagenkosten | K22: 1
C23: 3.1 Investitionskosten | K23: 1
D24: Kauf neuer Maschinen oder Anlagen | E24: 3 | G24: 3 | H24: 3 | K24: 2
D25: Umbaukosten bestehender Anlagen | E25: 3 | G25: 3 | H25: 3 | K25: 2
D26: Layoutänderungen und Verlagerungskosten | E26: 3 | G26: 2 | H26: 2 | I26: Tim | K26: 2
C27: 3.2 Betriebskosten | K27: 2
D28: Wartung & Instandhaltung | E28: 4 | G28: 3 | H28: 3 | I28: Tim | K28: 2
D29: Energieverbrauch | E29: 4 | G29: 3 | H29: 2 | I29: Hannes | K29: 2
D30: Abschreibungen | E30: 3 | G30: 3 | H30: 3 | K30: 2
D31: Werkzeug- und Vorrichtungskosten | E31: 3 | G31: 3 | H31: 3 | K31: 2
B32: 4. Produktionslayout & Logistikkosten | K32: 1
C33: Der Materialfluss ist ein wesentlicher Treiber für Prozesskosten. | K33: 1
C34: Anpassung der Produktionsflächen | E34: 3 | G34: 3 | H34: 3 | K34: 1
C35: Optimierung Anlagenauslastung | E35: 5 | G35: 3 | H35: 3 | I35: Damir | K35: 2
C36: Kosten für Neuplanung & -installation von Materialfluss-Systemen | E36: 3 | G36: 3 | H36: 3 | K36: 1
C37: Kosten für automatische Transportsysteme (z. B. FTF/AGV) | E37: 3 | G37: 3 | H37: 3 | K37: 1
C38: Wegstreckenoptimierung (Arbeitszeit, Bewegung, Transportmittel) | K38: 1
C39: Verpackungs- und Handlingkosten | E39: 3 | G39: 3 | H39: 3 | K39: 1
C40: Rüstaufwand | E40: 2 | G40: 4 | H40: 4 | I40: Uwe, Harald | K40: 1
B41: 5. Qualitätssicherungs- und Prüfkosten | K41: 1
C42: Veränderte Prozesse haben direkten Einfluss auf die Qualitätskosten. | K42: 1
C43: 5.1 Präventionskosten | K43: 1
D44: Prozess-FMEA, Risikoanalysen | E44: 3 | G44: 3 | H44: 3 | K44: 1
D45: Schulungen Qualitätsmethoden | E45: 3 | G45: 3 | H45: 3 | K45: 1
D46: Prüfplananpassungen | E46: 3 | G46: 3 | H46: 3 | K46: 1
C47: 5.2 Fehlerkosten | K47: 1
D48: Ausschuss | E48: 4 | G48: 3 | H48: 2 | I48: Jonas | K48: 1
D49: Nacharbeit | K49: 1
D50: Feldreklamationen / Gewährleistung | E50: 3 | G50: 3 | H50: 3 | K50: 1
D51: Qualitätsaudits interner oder externer Partner | E51: 3 | G51: 3 | H51: 3 | K51: 1
B52: 6. Projekt- und Implementierungskosten | K52: 1
C53: Projektteamkosten (intern/extern) | K53: 1
C54: Kosten für externe Berater | K54: 1
C55: Kosten für temporäre Doppelstrukturen | K55: 1
C56: Stillstandszeiten während Umstellungen | K56: 1
C57: Kommunikation & Change Management | K57: 1
B58: 7. IT‑ und Digitalisierungskosten | K58: 1
C59: Anpassungen im MES, ERP, APS-System | K59: 1
C60: Neue Sensorik zur Prozessdatenerfassung | K60: 1
C61: Kosten für Automatisierungssoftware | K61: 1
C62: IT‑Schnittstellen, Lizenzen, Support | K62: 1
C63: Cybersecurity Maßnahmen | K63: 1
D66: Gesamtpunktzahl | E66: =SUM(E68:E125) -> 157 | F66: =SUM(F68:F125) -> 0 | G66: =SUM(G68:G125) -> 146 | H66: =SUM(H68:H125) -> 139
E68: =E5*K5 -> 6 | F68: =F5*L5 -> 0 | G68: =G5*K5 -> 6 | H68: =H5*K5 -> 6 | I68: =I5*M5 -> 0 | J68: =J5*N5 -> 0
E69: =E6*K6 -> 6 | F69: =F6*L6 -> 0 | G69: =G6*K6 -> 6 | H69: =H6*K6 -> 8 | I69: =I6*M6 -> 0 | J69: =J6*N6 -> 0
E70: =E7*K7 -> 4 | F70: =F7*L7 -> 0 | G70: =G7*K7 -> 6 | H70: =H7*K7 -> 4 | I70: =I7*M7 -> #VALUE! | J70: =J7*N7 -> 0
E71: =E8*K8 -> 6 | F71: =F8*L8 -> 0 | G71: =G8*K8 -> 6 | H71: =H8*K8 -> 6 | I71: =I8*M8 -> 0 | J71: =J8*N8 -> 0
E72: =E9*K9 -> 0 | F72: =F9*L9 -> 0 | G72: =G9*K9 -> 0 | H72: =H9*K9 -> 0 | I72: =I9*M9 -> 0 | J72: =J9*N9 -> 0
E73: =E11*K11 -> 6 | F73: =F11*L11 -> 0 | G73: =G11*K11 -> 6 | H73: =H11*K11 -> 6 | I73: =I11*M11 -> 0 | J73: =J11*N11 -> 0
E74: =E12*K12 -> 6 | F74: =F12*L12 -> 0 | G74: =G12*K12 -> 6 | H74: =H12*K12 -> 6 | I74: =I12*M12 -> 0 | J74: =J12*N12 -> 0
E75: =E13*K13 -> 8 | F75: =F13*L13 -> 0 | G75: =G13*K13 -> 6 | H75: =H13*K13 -> 6 | I75: =I13*M13 -> #VALUE! | J75: =J13*N13 -> 0
E76: =E14*K14 -> 6 | F76: =F14*L14 -> 0 | G76: =G14*K14 -> 6 | H76: =H14*K14 -> 4 | I76: =I14*M14 -> 0 | J76: =J14*N14 -> 0
E77: =E15*K15 -> 0 | F77: =F15*L15 -> 0 | G77: =G15*K15 -> 0 | H77: =H15*K15 -> 0 | I77: =I15*M15 -> 0 | J77: =J15*N15 -> 0
E78: =E16*K16 -> 3 | F78: =F16*L16 -> 0 | G78: =G16*K16 -> 3 | H78: =H16*K16 -> 3 | I78: =I16*M16 -> 0 | J78: =J16*N16 -> 0
E79: =E17*K17 -> 4 | F79: =F17*L17 -> 0 | G79: =G17*K17 -> 3 | H79: =H17*K17 -> 2 | I79: =I17*M17 -> #VALUE! | J79: =J17*N17 -> 0
E80: =E18*K18 -> 5 | F80: =F18*L18 -> 0 | G80: =G18*K18 -> 3 | H80: =H18*K18 -> 3 | I80: =I18*M18 -> #VALUE! | J80: =J18*N18 -> 0
E81: =E19*K19 -> 2 | F81: =F19*L19 -> 0 | G81: =G19*K19 -> 3 | H81: =H19*K19 -> 3 | I81: =I19*M19 -> #VALUE! | J81: =J19*N19 -> 0
E82: =E20*K20 -> 3 | F82: =F20*L20 -> 0 | G82: =G20*K20 -> 3 | H82: =H20*K20 -> 3 | I82: =I20*M20 -> 0 | J82: =J20*N20 -> 0
E83: =E21*K21 -> 3 | F83: =F21*L21 -> 0 | G83: =G21*K21 -> 3 | H83: =H21*K21 -> 2 | I83: =I21*M21 -> 0 | J83: =J21*N21 -> 0
E84: =E22*K22 -> 0 | F84: =F22*L22 -> 0 | G84: =G22*K22 -> 0 | H84: =H22*K22 -> 0 | I84: =I22*M22 -> 0 | J84: =J22*N22 -> 0
... E114: =E52*K52 -> 0 | F114: =F52*L52 -> 0 | G114: =G52*K52 -> 0 | H114: =H52*K52 -> 0 | I114: =I52*M52 -> 0 | J114: =J52*N52 -> 0
E115: =E53*K53 -> 0 | G115: =G53*K53 -> 0 | H115: =H53*K53 -> 0
E116: =E54*K54 -> 0 | G116: =G54*K54 -> 0 | H116: =H54*K54 -> 0
E117: =E55*K55 -> 0 | G117: =G55*K55 -> 0 | H117: =H55*K55 -> 0
E118: =E56*K56 -> 0 | G118: =G56*K56 -> 0 | H118: =H56*K56 -> 0
E119: =E57*K57 -> 0 | G119: =G57*K57 -> 0 | H119: =H57*K57 -> 0
E120: =E58*K58 -> 0 | G120: =G58*K58 -> 0 | H120: =H58*K58 -> 0
E121: =E59*K59 -> 0 | G121: =G59*K59 -> 0 | H121: =H59*K59 -> 0
E122: =E60*K60 -> 0 | G122: =G60*K60 -> 0 | H122: =H60*K60 -> 0
E123: =E61*K61 -> 0 | G123: =G61*K61 -> 0 | H123: =H61*K61 -> 0
E124: =E62*K62 -> 0 | G124: =G62*K62 -> 0 | H124: =H62*K62 -> 0
E125: =E63*K63 -> 0 | G125: =G63*K63 -> 0 | H125: =H63*K63 -> 0

Sheet Checkliste_Prozesskosten
A1: Kostenkategorie | B1: Checkpunkt | C1: Status | D1: Bemerkungen
A2: Personalkosten | B2: Personalkapazitäten analysiert
A3: Personalkosten | B3: Qualifizierungsbedarf bewertet
A4: Personalkosten | B4: Kosten für Schichtmodelle geprüft
A5: Materialkosten | B5: Materialverfügbarkeit geprüft
A6: Materialkosten | B6: Ausschuss- & Nacharbeitskosten bewertet
A7: Maschinen/Anlagen | B7: Maschinenstundensätze hinterlegt
A8: Maschinen/Anlagen | B8: Instandhaltungsstrategie bewertet
A9: Maschinen/Anlagen | B9: Energieverbrauch analysiert
A10: Layout & Logistik | B10: Transportwege bewertet
A11: Layout & Logistik | B11: Flächenbedarf geprüft
A12: Layout & Logistik | B12: Materialfluss optimiert
A13: IT & Digitalisierung | B13: Digitalisierungsgrad bewertet
... A24: Finanzen | B24: Fördermöglichkeiten geprüft
A26: Kategorie | B26: Checkpunkt | C26: Status (Offen / In Arbeit / Fertig) | D26: Bemerkungen
A27: Prozessaufnahme | B27: Prozessschritte vollständig dokumentiert
A28: Prozessaufnahme | B28: Zeitdaten vollständig (Bearb./Rüst/Stör/Warte)
A29: Prozessaufnahme | B29: Materialflüsse erfasst (Layout, Wege, Handling)
A30: Kostenanalyse | B30: Personalkosten geprüft
A31: Kostenanalyse | B31: Maschinenstundensätze hinterlegt
A32: Kostenanalyse | B32: Gemeinkostenverteilung abgestimmt
A33: Datenqualität | B33: Zeitangaben plausibel
A34: Datenqualität | B34: Kostenangaben konsistent
A35: Optimierungspotenziale | B35: Hauptkostentreiber identifiziert
A36: Optimierungspotenziale | B36: Vorher-Nachher-Effekt berechnet
A37: Risiken | B37: Projektrisiken bewertet
A38: Risiken | B38: Bottlenecks berücksichtigt
... A40: Reporting | B40: Management-Zusammenfassung enthalten

Sheet NVH_Prozessdaten
B1: ProzessAnalyse
B3: Prozessdaten | C3: NVH
B4: Prozesse | C4: Tiefziehproduktion 01 | D4: Schäumen 02 | E4: Hinterschäumen 03 | F4: Tandemproduktion 04
B5: Volumen / Kapazität
B6: Auslastungen
B7: Prozessschritte
B8: Beschreibung
B9: Wertschöpfend (Ja/Nein)
B10: Bearbeitungszeit (s)
B11: Rüstzeit (min)
B12: Transportzeit (s)
B13: Wartezeit (s)
B14: Stillstandszeit (min)
B15: Menge/Stückzahl

Sheet 01_Analyse_Tiefzieh
B2: Tiefziehproduktion 01
B3: Prozessschritt | C3: Kosten gesamt €/Stk | D3: Hauptkostentreiber | E3: Optimierungspotenzial (%)
B4: Bestückung HL-Rolle
B5: Einfädeln HL-Rolle
B6: Aufheizen
B7: Ablängen
B8: Tiefziehen
B23: Eingabefelder

Sheet 01_Kosten_Tiefzieh
B1: Tiefziehproduktion 01
B2: Volumen / Monat
B3: Prozessschritt | C3: Personalkosten €/h | D3: Maschinenstundensatz € | E3: Materialkosten €/Stk | F3: Qualitätskosten €/Stk | G3: Logistikkosten €/Stk | H3: Gemeinkosten €
B4: =+'01_Analyse_Tiefzieh'!B4 -> Bestückung HL-Rolle
B5: =+'01_Analyse_Tiefzieh'!B5 -> Einfädeln HL-Rolle
B6: =+'01_Analyse_Tiefzieh'!B6 -> Aufheizen
B7: =+'01_Analyse_Tiefzieh'!B7 -> Ablängen
B8: =+'01_Analyse_Tiefzieh'!B8 -> Tiefziehen
B23: Übernahmefeld

Sheet 01_Vorher_Nachher
B2: Tiefziehproduktion 01 - Beispieldarstellung
B3: Prozessbereich | C3: Kosten_Vorher | D3: Kosten_Nachher
B4: Bearbeitung | C4: 0.85 | D4: 0.78
B5: Rüsten | C5: 0.42 | D5: 0.23
B6: Transport | C6: 0.18 | D6: 0.11
B7: Qualität | C7: 0.24 | D7: 0.19
B8: Nacharbeit | C8: 0.52 | D8: 0.28
B9: Instandhaltung | C9: 0.37 | D9: 0.29
B10: Gemeinkosten | C10: 0.31 | D10: 0.27

Sheet Kostenfaktoren
B1: Kostenkategorie | C1: Checkpunkt | D1: Status | E1: Bemerkungen
B2: Personalkosten | C2: Personalkapazitäten analysiert
B3: Personalkosten | C3: Qualifizierungsbedarf bewertet
B4: Personalkosten | C4: Kosten für Schichtmodelle geprüft
B5: Materialkosten | C5: Materialverfügbarkeit geprüft
B6: Materialkosten | C6: Ausschuss- & Nacharbeitskosten bewertet
B7: Maschinen/Anlagen | C7: Maschinenstundensätze hinterlegt
B8: Maschinen/Anlagen | C8: Instandhaltungsstrategie bewertet
B9: Maschinen/Anlagen | C9: Energieverbrauch analysiert
B10: Layout & Logistik | C10: Transportwege bewertet
B11: Layout & Logistik | C11: Flächenbedarf geprüft
B12: Layout & Logistik | C12: Materialfluss optimiert
B13: IT & Digitalisierung | C13: Digitalisierungsgrad bewertet
... B24: Finanzen | C24: Fördermöglichkeiten geprüft
